{
  "method": "Finite_Difference_BTCS",
  "parameters": {
    "sigma": 0.2,
    "kappa": 0.3,
    "theta": 0.0,
    "mu_jump": 0.0,
    "sigma_jump": 0.2,
    "rate": 1.0,
    "domain": {
      "x_min": -0.5,
      "x_max": 2.0,
      "t_min": 0.0,
      "t_max": 1.0
    },
    "grid": {
      "dx": 0.0040999999999999995,
      "dt": 0.001,
      "x_steps": 1000,
      "t_steps": 1000
    }
  },
  "timing": {
    "setup_time_seconds": 53.31734800338745,
    "iteration_time_seconds": 0.5367529392242432,
    "total_time_seconds": 53.88359093666077
  },
  "solution_statistics": {
    "min_survival_prob": 0.0,
    "max_survival_prob": 1.0000000000000013,
    "mean_survival_prob": 0.7990740125977158,
    "final_time_mean": 0.7973529276583743,
    "grid_points_spatial": 609,
    "grid_points_temporal": 1001,
    "total_grid_points": 609609
  },
  "sample_solutions": {
    "x_-0.496": {
      "initial": 0.0,
      "mid_time": 0.006141734116588717,
      "final_time": 0.0407686542742354
    },
    "x_0.127": {
      "initial": 1.0,
      "mid_time": 0.7592994571767016,
      "final_time": 0.6731940320184658
    },
    "x_0.750": {
      "initial": 1.0,
      "mid_time": 0.9997290653086266,
      "final_time": 0.9941466384533602
    },
    "x_1.373": {
      "initial": 1.0,
      "mid_time": 0.9999999686425097,
      "final_time": 0.9999871695894684
    },
    "x_1.996": {
      "initial": 1.0,
      "mid_time": 0.9999999999997031,
      "final_time": 0.9999999981833471
    }
  },
  "timestamp": "2025-08-02 14:35:11"
}