{
  "method": "Finite_Difference_BTCS",
  "parameters": {
    "sigma": 0.2,
    "kappa": 0.3,
    "theta": 0.0,
    "mu_jump": 0.0,
    "sigma_jump": 0.2,
    "rate": 1.0,
    "domain": {
      "x_min": -0.5,
      "x_max": 2.0,
      "t_min": 0.0,
      "t_max": 1.0
    },
    "grid": {
      "dx": 0.0040999999999999995,
      "dt": 0.001,
      "x_steps": 1000,
      "t_steps": 1000
    }
  },
  "timing": {
    "setup_time_seconds": 53.539562940597534,
    "iteration_time_seconds": 0.6279277801513672,
    "total_time_seconds": 54.207544803619385
  },
  "solution_statistics": {
    "min_default_prob": -1.3322676295501878e-15,
    "max_default_prob": 1.0,
    "mean_default_prob": 0.20092598740228426,
    "final_time_mean_default_prob": 0.2026470723416257,
    "grid_points_spatial": 609,
    "grid_points_temporal": 1001,
    "total_grid_points": 609609
  },
  "sample_solutions": {
    "x_-0.496": {
      "initial_pd": 1.0,
      "mid_time_pd": 0.9938582658834113,
      "final_time_pd": 0.9592313457257646
    },
    "x_0.127": {
      "initial_pd": 0.0,
      "mid_time_pd": 0.24070054282329845,
      "final_time_pd": 0.32680596798153416
    },
    "x_0.750": {
      "initial_pd": 0.0,
      "mid_time_pd": 0.0002709346913734034,
      "final_time_pd": 0.005853361546639846
    },
    "x_1.373": {
      "initial_pd": 0.0,
      "mid_time_pd": 3.135749027105561e-08,
      "final_time_pd": 1.2830410531572412e-05
    },
    "x_1.996": {
      "initial_pd": 0.0,
      "mid_time_pd": 2.9687363678476686e-13,
      "final_time_pd": 1.8166529391905328e-09
    }
  },
  "timestamp": "2025-08-02 14:42:17"
}